,Bonds,Copper,Crude_Oil,Gold,Nasdaq,Platinum,S&P_500,Silver
Bonds,1.0,0.3976885033999253,-0.20985014227923757,0.8418648235925564,0.7375878945395704,0.4375058869850589,0.6192295802268859,0.7234761885479439
Copper,0.3976885033999253,1.0,0.661821070656409,0.6263265345630982,0.8547721822580748,0.7546314659261001,0.8997725137325011,0.7732815930581672
Crude_Oil,-0.20985014227923757,0.661821070656409,1.0,0.17077078463171083,0.4041001135831946,0.32469856985389256,0.5541527647144778,0.23565682241847313
Gold,0.8418648235925564,0.6263265345630982,0.17077078463171083,1.0,0.8517404826405494,0.5347329799949941,0.7854109025779911,0.8680804808705861
Nasdaq,0.7375878945395704,0.8547721822580748,0.4041001135831946,0.8517404826405494,1.0,0.6463187023482703,0.9762847051857809,0.8571624869537319
Platinum,0.4375058869850589,0.7546314659261001,0.32469856985389256,0.5347329799949941,0.6463187023482703,1.0,0.6657009844919812,0.7970738001708338
S&P_500,0.6192295802268859,0.8997725137325011,0.5541527647144778,0.7854109025779911,0.9762847051857809,0.6657009844919812,1.0,0.8073163775343776
Silver,0.7234761885479439,0.7732815930581672,0.23565682241847313,0.8680804808705861,0.8571624869537319,0.7970738001708338,0.8073163775343776,1.0
